symbol,asset_type,qty,avg_price,current_price,invested_value,current_value,pnl,pnl_pct,price_source,source_id
NIFTYBEES,ETF,45,270.58,257.25,12176.10,11576.25,-599.85,-4.93,yfinance,NIFTYBEES.NS
GOLDBEES,ETF,115,129.49,121.37,14891.35,13957.55,-933.80,-6.27,yfinance,GOLDBEES.NS
INFY,Stock,10,1136.80,1035.00,11368.00,10350.00,-1018.00,-8.95,yfinance,INFY.NS
TCS,Stock,3,2281.40,2075.00,6844.20,6225.00,-619.20,-9.05,yfinance,TCS.NS
SUNPHARMA,Stock,5,1887.80,1801.00,9439.00,9005.00,-434.00,-4.60,yfinance,SUNPHARMA.NS
DRREDDY,Stock,3,1335.00,1206.20,4005.00,3618.60,-386.40,-9.65,yfinance,DRREDDY.NS
HDFCBANK,Stock,6,762.45,721.20,4574.70,4327.20,-247.50,-5.41,yfinance,HDFCBANK.NS
ICICIBANK,Stock,5,1274.56,1310.60,6372.80,6553.00,180.20,2.83,yfinance,ICICIBANK.NS
MON100,ETF,76.8285,325.40,322.00,24999.99,24738.78,-261.22,-1.04,yfinance,MON100.NS
TATAARB,Arbitrage,1,18925.00,18925.00,18925.00,18925.00,0.00,0.00,manual,
PPFASLIQ,Liquid,1,10000.00,10000.00,10000.00,10000.00,0.00,0.00,manual,
